Part Number,Relevant Part Description,Part Quantity,Category,Sub-Category,Parts Manual Page Link
A2U220-210042,ENGINE MOUNTING GROUP,,POWER UNIT,,parts_manual_pg_02-01.pdf
A2U220-250111,EXHAUST GROUP | WITH PARTICULATE FILTER | LS190,,POWER UNIT,,parts_manual_pg_02-02.pdf
A2U220-250108,MAKEUP TANK GROUP | 275L,,POWER UNIT,,parts_manual_pg_02-03.pdf
A2U220-230046,FUEL TANK GROUP | ED10,,POWER UNIT,,parts_manual_pg_02-04.pdf
A2U220-260058,ENGINE COOLING GROUP,,POWER UNIT,,parts_manual_pg_02-05.pdf
A2U900-210056,REMOTE OIL FILTER GROUP ED10/ED7/ED7LP/ED6,,POWER UNIT,,parts_manual_pg_02-06.pdf
A2U220-430031,PEDAL GROUP | FIXED THROTTLE,,POWER UNIT,,parts_manual_pg_02-07.pdf
A2U220-230048,FUEL LINES GROUP,,POWER UNIT,,parts_manual_pg_02-08.pdf
A2U220-240058,AIR INTAKE GROUP ED10,,POWER UNIT,,parts_manual_pg_02-10.pdf
A2U220-240076,AIR INTAKE - SHUT DOWN GROUP | ED10 + STRANGLER,,POWER UNIT,,parts_manual_pg_02-10.pdf
A2U220-290029,TURBO ACCUMULATOR GROUP,,POWER UNIT,,parts_manual_pg_02-11.pdf
BD00009809,EXHST SUPPORT BRKT KIT LS170/ 190/ TS490/ TS490L,,POWER UNIT,,parts_manual_pg_02-13.pdf
BD00013762,TURBO ASSEMBLY KIT,,POWER UNIT,,parts_manual_pg_02-17.pdf
BD00015384,FILLER CAP - NECK ASSY. REPLACEMENT KIT (M.U.,,POWER UNIT,,parts_manual_pg_02-18.pdf
Filter_Kit_ED10,ED10 MAINTENANCE FILTER KIT,,POWER UNIT,,parts_manual_pg_02-40.pdf
A2U220-211044-2,ENGINE | MODIFIED | CAT 3126TA,1,POWER UNIT,ENGINE MOUNTING GROUP,parts_manual_pg_02-01-04.pdf
A2U220-213059,ENGINE MOUNT | REAR D.S.,1,POWER UNIT,ENGINE MOUNTING GROUP,parts_manual_pg_02-01.pdf
A2U220-213060,ENGINE MOUNT REAR O.D.S.,1,POWER UNIT,ENGINE MOUNTING GROUP,parts_manual_pg_02-01.pdf
A2U220-213061,ENGINE MOUNT | FRONT D.S.,1,POWER UNIT,ENGINE MOUNTING GROUP,parts_manual_pg_02-01.pdf
A2U220-213062,ENGINE MOUNT | FRONT | O.D.S.,1,POWER UNIT,ENGINE MOUNTING GROUP,parts_manual_pg_02-01.pdf
445210937,S.H.C.S.,8,POWER UNIT,ENGINE MOUNTING GROUP,parts_manual_pg_02-01.pdf
106-03455,MOUNTING | CENTRE BONDED,12,POWER UNIT,ENGINE MOUNTING GROUP,parts_manual_pg_02-01.pdf
65083507,WASHER | MOUNT,6,POWER UNIT,ENGINE MOUNTING GROUP,parts_manual_pg_02-01.pdf
445402939,BOLT | HEX HD,,POWER UNIT,ENGINE MOUNTING GROUP,parts_manual_pg_02-01.pdf
255305,MOUNT | REAR,2,POWER UNIT,ENGINE MOUNTING GROUP,parts_manual_pg_02-01.pdf
A2U220-213063,MOUNT | FRONT,2,POWER UNIT,ENGINE MOUNTING GROUP,parts_manual_pg_02-01.pdf
445502937,BOLT | HEX HD,4,POWER UNIT,ENGINE MOUNTING GROUP,parts_manual_pg_02-01.pdf
445402939,BOLT | HEX HD,4,POWER UNIT,ENGINE MOUNTING GROUP,parts_manual_pg_02-01.pdf
445502843,BOLT | HEX HD,6,POWER UNIT,ENGINE MOUNTING GROUP,parts_manual_pg_02-01.pdf
A2U220-241090,AFTERCOOLER / FLAMETRAP HSG,1,POWER UNIT,ENGINE MOUNTING GROUP,parts_manual_pg_02-01-01.pdf
A2U220-241042,COVER | INLET FLAMETRAP,1,POWER UNIT,ENGINE MOUNTING GROUP,parts_manual_pg_02-01-01.pdf
C2A1R0716,OIL FILTER,1,POWER UNIT,ENGINE MOUNTING GROUP,parts_manual_pg_02-01-01.pdf
A2U220-670033,AIR STARTER GROUP,1,POWER UNIT,ENGINE MOUNTING GROUP,parts_manual_pg_02-01-01.pdf
A2U220-212014,Spacer (Modified),1,POWER UNIT,ENGINE MOUNTING GROUP,parts_manual_pg_02-01-01.pdf
A2U220-610011,AIR COMPRESSOR GROUP,1,POWER UNIT,ENGINE MOUNTING GROUP,parts_manual_pg_02-01-01.pdf
A2U220-510038,PUMP & MOUNTING GROUP,1,POWER UNIT,ENGINE MOUNTING GROUP,parts_manual_pg_02-01-01.pdf
C2A5P8245,WASHER | FLAT,1,POWER UNIT,ENGINE MOUNTING GROUP,parts_manual_pg_02-01-01.pdf
AFP1008-20,BRACKET | OIL PRESSURE GAUGE,1,POWER UNIT,ENGINE MOUNTING GROUP,parts_manual_pg_02-01-01.pdf
A2U220-294006,OIL TUBE ASSEMBLY,1,POWER UNIT,ENGINE MOUNTING GROUP,parts_manual_pg_02-01-01.pdf
D71-121212,TEE PIECE,1,POWER UNIT,ENGINE MOUNTING GROUP,parts_manual_pg_02-01-01.pdf
64119919,OIL PRESSURE GAUGE,1,POWER UNIT,ENGINE MOUNTING GROUP,parts_manual_pg_02-01-01.pdf
C2A7X3344,BOLT | HEX HD,1,POWER UNIT,ENGINE MOUNTING GROUP,parts_manual_pg_02-01-01.pdf
D53-1212,ELBOW 90 DEG,1,POWER UNIT,ENGINE MOUNTING GROUP,parts_manual_pg_02-01-01.pdf
D2900-12-110-17,HYDRAULIC HOSE,2,POWER UNIT,ENGINE MOUNTING GROUP,parts_manual_pg_02-01-01.pdf
D74-121717,TEE PIECE,1,POWER UNIT,ENGINE MOUNTING GROUP,parts_manual_pg_02-01-01.pdf
D67-2,SOCKET,1,POWER UNIT,ENGINE MOUNTING GROUP,parts_manual_pg_02-01-01.pdf
A2U220-291247,BRACKET | ENGINE OIL FILL,1,POWER UNIT,ENGINE MOUNTING GROUP,parts_manual_pg_02-01-01.pdf
A2U220-291243,BRACKET | QUICK FILL,1,POWER UNIT,ENGINE MOUNTING GROUP,parts_manual_pg_02-01-01.pdf
C2A4W-7594,SLEEVE (Stock | before machining),1,POWER UNIT,ENGINE MOUNTING GROUP,parts_manual_pg_02-01-01.pdf
A2U220-212015,Flywheel & Sleeve Complete (machined),1,POWER UNIT,ENGINE MOUNTING GROUP,parts_manual_pg_02-01-01.pdf
D605-74,HOSE ASSEMBLY | PUSH ON,3,POWER UNIT,ENGINE MOUNTING GROUP,parts_manual_pg_02-01-01.pdf
C2A1R0751,FUEL FILTER | SECONDARY,1,POWER UNIT,ENGINE MOUNTING GROUP,parts_manual_pg_02-01-01.pdf
A2U220-294003,RESTRICTOR,1,POWER UNIT,ENGINE MOUNTING GROUP,parts_manual_pg_02-01-01.pdf
D15-0207,NIPPLE,1,POWER UNIT,ENGINE MOUNTING GROUP,parts_manual_pg_02-01-01.pdf
D17-47,ELBOW 90 DEG,1,POWER UNIT,ENGINE MOUNTING GROUP,parts_manual_pg_02-01-01.pdf
D60-4,PLUG,1,POWER UNIT,ENGINE MOUNTING GROUP,parts_manual_pg_02-01-01.pdf
C2A4P5153,MANIFOLD | OIL,1,POWER UNIT,ENGINE MOUNTING GROUP,parts_manual_pg_02-01-01.pdf
D15-1217,NIPPLE,1,POWER UNIT,ENGINE MOUNTING GROUP,parts_manual_pg_02-01-01.pdf
A2U220-472051,GAUGE | FUEL PRESSURE,1,POWER UNIT,ENGINE MOUNTING GROUP,parts_manual_pg_02-01-01.pdf
D38-44,ELBOW 90 DEG,1,POWER UNIT,ENGINE MOUNTING GROUP,parts_manual_pg_02-01-01.pdf
CN3-0904,NIPPLE,1,POWER UNIT,ENGINE MOUNTING GROUP,parts_manual_pg_02-01-01.pdf
C2A4W8661,INLET MANIFOLD,1,POWER UNIT,ENGINE MOUNTING GROUP,parts_manual_pg_02-01-01.pdf
D60-12,PLUG,1,POWER UNIT,ENGINE MOUNTING GROUP,parts_manual_pg_02-01-01.pdf
450062508,WASHER | FLAT,2,POWER UNIT,ENGINE MOUNTING GROUP,parts_manual_pg_02-01-01.pdf
450081022,WASHER | SPRING,7,POWER UNIT,ENGINE MOUNTING GROUP,parts_manual_pg_02-01-01.pdf
445502801,BOLT | HEX HD,2,POWER UNIT,ENGINE MOUNTING GROUP,parts_manual_pg_02-01-01.pdf
A2U220-291248,DIPSTICK MOUNTING GROUP,1,POWER UNIT,ENGINE MOUNTING GROUP,parts_manual_pg_02-01-01.pdf
D2900-12-50-17,HYDRAULIC HOSE,2,POWER UNIT,ENGINE MOUNTING GROUP,parts_manual_pg_02-01-01.pdf
D37-1212,ELBOW 90 DEG,1,POWER UNIT,ENGINE MOUNTING GROUP,parts_manual_pg_02-01-01.pdf
A2U900-293002,BANLAW FITTING,1,POWER UNIT,ENGINE MOUNTING GROUP,parts_manual_pg_02-01-01.pdf
C2A5L2952,FILLER CAP,1,POWER UNIT,ENGINE MOUNTING GROUP,parts_manual_pg_02-01-01.pdf
DA4-1212,NIPPLE,1,POWER UNIT,ENGINE MOUNTING GROUP,parts_manual_pg_02-01-01.pdf
D17-27,ELBOW 90 DEG,1,POWER UNIT,ENGINE MOUNTING GROUP,parts_manual_pg_02-01-01.pdf
C2A7C0874,DIPSTICK CLIP,1,POWER UNIT,ENGINE MOUNTING GROUP,parts_manual_pg_02-01-01.pdf
445502759,BOLT | HEX HD,1,POWER UNIT,ENGINE MOUNTING GROUP,parts_manual_pg_02-01-01.pdf
450061617,WASHER | FLAT,1,POWER UNIT,ENGINE MOUNTING GROUP,parts_manual_pg_02-01-01.pdf
450081120,WASHER | SPRING,1,POWER UNIT,ENGINE MOUNTING GROUP,parts_manual_pg_02-01-01.pdf
455309030,NUT | HEX,1,POWER UNIT,ENGINE MOUNTING GROUP,parts_manual_pg_02-01-01.pdf
445502795,BOLT | HEX HD,1,POWER UNIT,ENGINE MOUNTING GROUP,parts_manual_pg_02-01-01.pdf
445502802,BOLT | HEX HD,4,POWER UNIT,ENGINE MOUNTING GROUP,parts_manual_pg_02-01-01.pdf
A2U220-265112,MODIFIED ELBOW,1,POWER UNIT,ENGINE MOUNTING GROUP,parts_manual_pg_02-01-01.pdf
A2U220-265114,THERMOSTAT HOUSING MODIFIED,1,POWER UNIT,ENGINE MOUNTING GROUP,parts_manual_pg_02-01-01.pdf
A2U220-259009,TURBO MO0DIFIED,1,POWER UNIT,ENGINE MOUNTING GROUP,parts_manual_pg_02-01-02-09.pdf
BD00012861,EXHAUST MANIFOLD,1,POWER UNIT,ENGINE MOUNTING GROUP,parts_manual_pg_02-01-01.pdf
A2U220-211043-0,Engine | CAT 3126TA (REF. ONLY NOT SOLD,1,POWER UNIT,ENGINE MOUNTING GROUP,parts_manual_pg_02-01-01-01.pdf
C2A4W0253,REAR COVER,1,POWER UNIT,ENGINE MOUNTING GROUP,parts_manual_pg_02-01-02-04-01.pdf
C2A6V3918,BOLT REAR COVER,4,POWER UNIT,ENGINE MOUNTING GROUP,parts_manual_pg_02-01-02-04-01.pdf
C2A9M1974,WASHER REAR COVER,4,POWER UNIT,ENGINE MOUNTING GROUP,parts_manual_pg_02-01-02-04-01.pdf
C2A4W7592,GASKET REAR COVER,1,POWER UNIT,ENGINE MOUNTING GROUP,parts_manual_pg_02-01-02-04-01.pdf
C2A7C3615,HOSE,1,POWER UNIT,ENGINE MOUNTING GROUP,parts_manual_pg_02-01-02-04-01.pdf
C2A8T9402,CLAMP,2,POWER UNIT,ENGINE MOUNTING GROUP,parts_manual_pg_02-01-02-04-01.pdf
C2A0336783,NIPPLE,3,POWER UNIT,ENGINE MOUNTING GROUP,parts_manual_pg_02-01-02-04-01.pdf
C2A3D2824,SEAL,1,POWER UNIT,ENGINE MOUNTING GROUP,parts_manual_pg_02-01-02-04-01.pdf
C2A9Y9530,HOSE (ELEPHANT TRUNK),1,POWER UNIT,ENGINE MOUNTING GROUP,parts_manual_pg_02-01-02-04-01.pdf
C2A5V9155,CLAMP,1,POWER UNIT,ENGINE MOUNTING GROUP,parts_manual_pg_02-01-02-04-01.pdf
C2A9S8003,PLUG,1,POWER UNIT,ENGINE MOUNTING GROUP,parts_manual_pg_02-01-02-04-01.pdf
C2A1J9671,WASHER,1,POWER UNIT,ENGINE MOUNTING GROUP,parts_manual_pg_02-01-02-04-01.pdf
C2A9S8005,PLUG,1,POWER UNIT,ENGINE MOUNTING GROUP,parts_manual_pg_02-01-02-04-01.pdf
C2A3K0360,WASHER,1,POWER UNIT,ENGINE MOUNTING GROUP,parts_manual_pg_02-01-02-04-01.pdf
4J-0524,SEAL-0-RING,1,POWER UNIT,ENGINE MOUNTING GROUP,parts_manual_pg_02-01-02-04-01.pdf
2M-4453,SEAL-0-RING,1,POWER UNIT,ENGINE MOUNTING GROUP,parts_manual_pg_02-01-02-04-01.pdf
C2A9M0164,CLAMP,2,POWER UNIT,ENGINE MOUNTING GROUP,parts_manual_pg_02-01-02-04-01.pdf
A2U220-259007,Turbo Modifications,1,POWER UNIT,ENGINE MOUNTING GROUP,parts_manual_pg_02-01-02-09.pdf
A2U220-259008,COMPRESSOR MODIFICATIONS,1,POWER UNIT,ENGINE MOUNTING GROUP,parts_manual_pg_02-01-02-09.pdf
BD00004349,LABEL - Turbo Assembly,1,POWER UNIT,ENGINE MOUNTING GROUP,parts_manual_pg_02-01-02-09.pdf
C2A1219799,C2A1219799,3,POWER UNIT,ENGINE MOUNTING GROUP,parts_manual_pg_02-01-02-09.pdf
C2A1255466,Bolt Hex Head | M8 x 12mm,6,POWER UNIT,ENGINE MOUNTING GROUP,parts_manual_pg_02-01-02-09.pdf
C2A1363973,TURBO CENTER ASSEMBLY,1,POWER UNIT,ENGINE MOUNTING GROUP,parts_manual_pg_02-01-02-09.pdf
445502799,Bolt Hex Head,8,POWER UNIT,EXHAUST GROUP | WITH PARTICULATE FILTER | LS190,parts_manual_pg_02-02.pdf
450061619,Washer | Flat,8,POWER UNIT,EXHAUST GROUP | WITH PARTICULATE FILTER | LS190,parts_manual_pg_02-02.pdf
450062508,Washer | Flat,8,POWER UNIT,EXHAUST GROUP | WITH PARTICULATE FILTER | LS190,parts_manual_pg_02-02.pdf
450081022,Washer | Spring,8,POWER UNIT,EXHAUST GROUP | WITH PARTICULATE FILTER | LS190,parts_manual_pg_02-02.pdf
455669036,Hex Nyloc Nut,8,POWER UNIT,EXHAUST GROUP | WITH PARTICULATE FILTER | LS190,parts_manual_pg_02-02.pdf
A2U220-250137,Exhaust- With Part Filter,1,POWER UNIT,EXHAUST GROUP | WITH PARTICULATE FILTER | LS190,parts_manual_pg_02-02-13.pdf
A2U900-191929,Isomount | Flexible,4,POWER UNIT,EXHAUST GROUP | WITH PARTICULATE FILTER | LS190,parts_manual_pg_02-02.pdf
A2U900-250134,Exhaust Conditioner Group,1,POWER UNIT,EXHAUST GROUP | WITH PARTICULATE FILTER | LS190,parts_manual_pg_02-02-01-01.pdf
A2U900-250135,Purifier Assy,1,POWER UNIT,EXHAUST GROUP | WITH PARTICULATE FILTER | LS190,parts_manual_pg_02-02-03.pdf
A2U220-252066,Mount Plate,4,POWER UNIT,EXHAUST GROUP | WITH PARTICULATE FILTER | LS190,parts_manual_pg_02-02.pdf
016-63028,Air Horn Set,1,POWER UNIT,EXHAUST GROUP | WITH PARTICULATE FILTER | LS190,parts_manual_pg_02-02-01.pdf
A2U220-252038,Particulate Filter,1,POWER UNIT,EXHAUST GROUP | WITH PARTICULATE FILTER | LS190,parts_manual_pg_02-02-13-01.pdf
A2U220-291228,Particulate Housing Mount,2,POWER UNIT,EXHAUST GROUP | WITH PARTICULATE FILTER | LS190,parts_manual_pg_02-02-01.pdf
A2U220-378028,Seal,3,POWER UNIT,EXHAUST GROUP | WITH PARTICULATE FILTER | LS190,parts_manual_pg_02-02-01.pdf
A2U220-491269,Bracket | Back Pressure Gauge,1,POWER UNIT,EXHAUST GROUP | WITH PARTICULATE FILTER | LS190,parts_manual_pg_02-02-01.pdf
A2U220-672039,Air Manifold,1,POWER UNIT,EXHAUST GROUP | WITH PARTICULATE FILTER | LS190,parts_manual_pg_02-02-01.pdf
A2U900-191928,Cushion Connector,4,POWER UNIT,EXHAUST GROUP | WITH PARTICULATE FILTER | LS190,parts_manual_pg_02-02-01.pdf
A2U900-255353,Elbow 90,1,POWER UNIT,EXHAUST GROUP | WITH PARTICULATE FILTER | LS190,parts_manual_pg_02-02-01.pdf
A2U900-255354,Radiator Hosing,2,POWER UNIT,EXHAUST GROUP | WITH PARTICULATE FILTER | LS190,parts_manual_pg_02-02-01.pdf
A2U900-259017,Wastegate/ Exhaust Bypass,1,POWER UNIT,EXHAUST GROUP | WITH PARTICULATE FILTER | LS190,parts_manual_pg_02-02-01.pdf
A2U900-259018,Clamp-Wastegate,2,POWER UNIT,EXHAUST GROUP | WITH PARTICULATE FILTER | LS190,parts_manual_pg_02-02-01.pdf
A2U900-259019,Round Bar,1,POWER UNIT,EXHAUST GROUP | WITH PARTICULATE FILTER | LS190,parts_manual_pg_02-02-01.pdf
A2U900-292008,Filter Element,3,POWER UNIT,EXHAUST GROUP | WITH PARTICULATE FILTER | LS190,parts_manual_pg_02-02-01.pdf
A2U900-378032,6 Mm Rubber Door Seal,1,POWER UNIT,EXHAUST GROUP | WITH PARTICULATE FILTER | LS190,parts_manual_pg_02-02-01.pdf
A2U900-491395,Plate,1,POWER UNIT,EXHAUST GROUP | WITH PARTICULATE FILTER | LS190,parts_manual_pg_02-02-01.pdf
A2U900-694102,Diaphragm Valve,1,POWER UNIT,EXHAUST GROUP | WITH PARTICULATE FILTER | LS190,parts_manual_pg_02-02-01.pdf
A2U900-694103,Reset Valve,1,POWER UNIT,EXHAUST GROUP | WITH PARTICULATE FILTER | LS190,parts_manual_pg_02-02-01.pdf
A2U900-694104,Pilot Valve,1,POWER UNIT,EXHAUST GROUP | WITH PARTICULATE FILTER | LS190,parts_manual_pg_02-02-01.pdf
A2U900-694106,Neoprene Gasket,1,POWER UNIT,EXHAUST GROUP | WITH PARTICULATE FILTER | LS190,parts_manual_pg_02-02-01.pdf
A2U900-690025,Lens Indicator-Green/ Red,1,POWER UNIT,EXHAUST GROUP | WITH PARTICULATE FILTER | LS190,parts_manual_pg_02-02-01.pdf
A2U936-694046,Exhaust Sentinel,1,POWER UNIT,EXHAUST GROUP | WITH PARTICULATE FILTER | LS190,parts_manual_pg_02-02-01.pdf
D17-0207,Elbow 90,2,POWER UNIT,EXHAUST GROUP | WITH PARTICULATE FILTER | LS190,parts_manual_pg_02-02-01.pdf
D2NP14-8337,Clamp-Hose,4,POWER UNIT,EXHAUST GROUP | WITH PARTICULATE FILTER | LS190,parts_manual_pg_02-02-01.pdf
DB15-0207,Nipple,7,POWER UNIT,EXHAUST GROUP | WITH PARTICULATE FILTER | LS190,parts_manual_pg_02-02-01.pdf
A2U220-251089-7,Exhaust Conditioner,1,POWER UNIT,EXHAUST GROUP | WITH PARTICULATE FILTER | LS190,parts_manual_pg_02-02-01-01-01.pdf
A2U220-256035,Water Make-Up Valve Ass'Y,1,POWER UNIT,EXHAUST GROUP | WITH PARTICULATE FILTER | LS190,parts_manual_pg_02-02-01-01.pdf
A2U900-255302,Plug,1,POWER UNIT,EXHAUST GROUP | WITH PARTICULATE FILTER | LS190,parts_manual_pg_02-02-01-01.pdf
A2U936-255185,Nipple S/S,1,POWER UNIT,EXHAUST GROUP | WITH PARTICULATE FILTER | LS190,parts_manual_pg_02-02-01-01.pdf
AFP1004-23,Ball Valve,1,POWER UNIT,EXHAUST GROUP | WITH PARTICULATE FILTER | LS190,parts_manual_pg_02-02-01-01.pdf
AFP1009-5,Ball Valve,1,POWER UNIT,EXHAUST GROUP | WITH PARTICULATE FILTER | LS190,parts_manual_pg_02-02-01-01.pdf
B2D12168,Gasket | Water Make-Up Valve,1,POWER UNIT,EXHAUST GROUP | WITH PARTICULATE FILTER | LS190,parts_manual_pg_02-02-01-01.pdf
D15-0209,Nipple,1,POWER UNIT,EXHAUST GROUP | WITH PARTICULATE FILTER | LS190,parts_manual_pg_02-02-01-01.pdf
D50-0909,Adaptor Union 90,1,POWER UNIT,EXHAUST GROUP | WITH PARTICULATE FILTER | LS190,parts_manual_pg_02-02-01-01.pdf
DA82-090909,Tee,1,POWER UNIT,EXHAUST GROUP | WITH PARTICULATE FILTER | LS190,parts_manual_pg_02-02-01-01.pdf
445502799,Bolt Hex Head,2,POWER UNIT,EXHAUST GROUP | WITH PARTICULATE FILTER | LS190,parts_manual_pg_02-02-01-01.pdf
450062508,Washer,2,POWER UNIT,EXHAUST GROUP | WITH PARTICULATE FILTER | LS190,parts_manual_pg_02-02-01-01.pdf
450081022,Washer,2,POWER UNIT,EXHAUST GROUP | WITH PARTICULATE FILTER | LS190,parts_manual_pg_02-02-01-01.pdf
A2U220-254090,Gasket | Float Ass'Y,2,POWER UNIT,EXHAUST GROUP | WITH PARTICULATE FILTER | LS190,parts_manual_pg_02-02-01-01.pdf
A2U220-256034,Shutdown Float Ass'Y,2,POWER UNIT,EXHAUST GROUP | WITH PARTICULATE FILTER | LS190,parts_manual_pg_02-02-01-01.pdf
A2U900-254084,Diaphragm | Humphrey Valve,2,POWER UNIT,EXHAUST GROUP | WITH PARTICULATE FILTER | LS190,parts_manual_pg_02-02-01-01.pdf
A2U900-256033,Adaptor | Humphrey Valve,2,POWER UNIT,EXHAUST GROUP | WITH PARTICULATE FILTER | LS190,parts_manual_pg_02-02-01-01.pdf
AFP1006-4,Humphrey Valve,2,POWER UNIT,EXHAUST GROUP | WITH PARTICULATE FILTER | LS190,parts_manual_pg_02-02-01-01.pdf
DA81-090909,Tee,3,POWER UNIT,EXHAUST GROUP | WITH PARTICULATE FILTER | LS190,parts_manual_pg_02-02-01-01.pdf
D17-0209,Elbow 90,5,POWER UNIT,EXHAUST GROUP | WITH PARTICULATE FILTER | LS190,parts_manual_pg_02-02-01-01.pdf
445502660,Bolt Hex Head,8,POWER UNIT,EXHAUST GROUP | WITH PARTICULATE FILTER | LS190,parts_manual_pg_02-02-01-01.pdf
450062506,Washer,8,POWER UNIT,EXHAUST GROUP | WITH PARTICULATE FILTER | LS190,parts_manual_pg_02-02-01-01.pdf
450081116,Washer,8,POWER UNIT,EXHAUST GROUP | WITH PARTICULATE FILTER | LS190,parts_manual_pg_02-02-01-01.pdf
450081120,Washer,8,POWER UNIT,EXHAUST GROUP | WITH PARTICULATE FILTER | LS190,parts_manual_pg_02-02-01-01.pdf
A2U900-392169,Shcs,8,POWER UNIT,EXHAUST GROUP | WITH PARTICULATE FILTER | LS190,parts_manual_pg_02-02-01-01.pdf
D605-0906,Hose End | Low Pressure,10,POWER UNIT,EXHAUST GROUP | WITH PARTICULATE FILTER | LS190,parts_manual_pg_02-02-01-01.pdf
A2U913-256005,Float (Only 2 Shown),3,POWER UNIT,EXHAUST GROUP | WITH PARTICULATE FILTER | LS190,parts_manual_pg_02-02-01-01.pdf
